微博唯一ID,帖子的URL,地理定位解析结果,带时区时间格式
P6ToYFpgH,https://weibo.com/detail/P6ToYFpgH,发布于 江苏,2024-12-28 05:34:43
P7g7zl0IV,https://weibo.com/detail/P7g7zl0IV,发布于 北京,2024-12-30 15:25:00
P7o09dceO,https://weibo.com/detail/P7o09dceO,,2024-12-31 11:28:41
P70vVAVqB,https://weibo.com/detail/P70vVAVqB,发布于 上海,2024-12-28 23:41:04
P6Ne64W8z,https://weibo.com/detail/P6Ne64W8z,发布于 河北,2024-12-27 13:51:25
P794P8AJj,https://weibo.com/detail/P794P8AJj,发布于 山东,2024-12-29 21:29:00
P6X9ty8qb,https://weibo.com/detail/P6X9ty8qb,发布于 广东,2024-12-28 15:07:30
P6TrDrVMT,https://weibo.com/detail/P6TrDrVMT,发布于 江苏,2024-12-28 05:41:16
P7h8i63Ds,https://weibo.com/detail/P7h8i63Ds,,2024-12-30 17:59:30
P6Cd04tQ5,https://weibo.com/detail/P6Cd04tQ5,发布于 广东,2024-12-26 09:48:30
